{"name":"4d021a40-7784-45a6-9695-b5a9c9a5cbf1","id":"/providers/Microsoft.Flow/flows/4d021a40-7784-45a6-9695-b5a9c9a5cbf1","type":"Microsoft.Flow/flows","properties":{"apiId":"/providers/Microsoft.PowerApps/apis/shared_logicflows","displayName":"kr-3.1-stats","definition":{"metadata":{"workflowEntityId":null,"processAdvisorMetadata":null,"flowclientsuspensionreason":"None","flowclientsuspensiontime":null,"flowclientsuspensionreasondetails":null,"creator":{"id":"ede8ac4c-48f6-4aed-940b-922329117d55","type":"User","tenantId":"72f988bf-86f1-41af-91ab-2d7cd011db47"},"provisioningMethod":"FromDefinition","failureAlertSubscription":true,"clientLastModifiedTime":"2022-09-20T23:57:59.27109Z"},"$schema":"https://schema.management.azure.com/providers/Microsoft.Logic/schemas/2016-06-01/workflowdefinition.json#","contentVersion":"1.0.0.0","parameters":{"$connections":{"defaultValue":{},"type":"Object"},"$authentication":{"defaultValue":{},"type":"SecureObject"}},"triggers":{"Recurrence":{"recurrence":{"frequency":"Day","interval":1,"timeZone":"Pacific Standard Time","startTime":"2022-09-04T16:00:00.000Z","schedule":{"hours":["4"]}},"metadata":{"operationMetadataId":"ed17963e-bb79-4769-ba35-ec4c556d35d2"},"type":"Recurrence"}},"actions":{"HTTP":{"runAfter":{},"metadata":{"operationMetadataId":"8607d1e2-a28b-47af-b8fe-693dd2196902"},"type":"Http","inputs":{"method":"GET","uri":"https://github-repo-stats.azurewebsites.net/api/getGitHubRepoStats"}},"Parse_JSON":{"runAfter":{"HTTP":["Succeeded"]},"metadata":{"operationMetadataId":"f2ef0404-3c01-4970-9953-96fcdac64399"},"type":"ParseJson","inputs":{"content":"@body('HTTP')","schema":{"type":"array","items":{"type":"object","properties":{"id":{"type":"string"},"timestamp":{"type":"string"},"owner":{"type":"string"},"repo":{"type":"string"},"clones":{"type":"integer"},"forks":{"type":"integer"},"views":{"type":"integer"}},"required":["id","timestamp","owner","repo","clones","forks","views"]}}}},"Apply_to_each":{"foreach":"@body('Parse_JSON')","actions":{"Add_a_new_row":{"runAfter":{},"metadata":{"operationMetadataId":"f1fee88c-b4c0-4d38-b6a1-56936c0376e7"},"type":"OpenApiConnection","inputs":{"host":{"apiId":"/providers/Microsoft.PowerApps/apis/shared_commondataserviceforapps","connectionName":"shared_commondataserviceforapps","operationId":"CreateRecord"},"parameters":{"entityName":"cre0c_cloudadvocateskr31s","item/cre0c_clones":"@items('Apply_to_each')['clones']","item/cre0c_forks":"@items('Apply_to_each')['forks']","item/cre0c_name":"@items('Apply_to_each')['id']","item/cre0c_owner":"@items('Apply_to_each')['owner']","item/cre0c_repo":"@items('Apply_to_each')['repo']","item/cre0c_views":"@items('Apply_to_each')['views']","item/cre0c_timestamp":"@items('Apply_to_each')['timestamp']"},"authentication":"@parameters('$authentication')"}},"Add_a_row_into_a_table":{"runAfter":{"Add_a_new_row":["Succeeded"]},"metadata":{"01J5WMHAJUURTD3U6IG5FK2PMUXR27CQJG":"/OKRs/KR 3 FY23/KR 3 FY23.xlsx","operationMetadataId":"d77c1da5-f646-49b5-a469-9e4f08ff3e1d"},"type":"OpenApiConnection","inputs":{"host":{"apiId":"/providers/Microsoft.PowerApps/apis/shared_excelonlinebusiness","connectionName":"shared_excelonlinebusiness","operationId":"AddRowV2"},"parameters":{"source":"me","drive":"b!qIruaE9nWkmU5NNYtf-l-ULpEQmqWVJAoDKbaBHVR_MBprL3JE4QT6VJE2W3SQGT","file":"01J5WMHAJUURTD3U6IG5FK2PMUXR27CQJG","table":"RepoStats","item/Id":"@items('Apply_to_each')['id']","item/Date":"@items('Apply_to_each')['timestamp']","item/Owner":"@items('Apply_to_each')['owner']","item/Repo":"@items('Apply_to_each')['repo']","item/Clones":"@items('Apply_to_each')['clones']","item/Forks":"@items('Apply_to_each')['forks']","item/Views":"@items('Apply_to_each')['views']"},"authentication":"@parameters('$authentication')"}}},"runAfter":{"Parse_JSON":["Succeeded"]},"metadata":{"operationMetadataId":"2bdbc190-b247-4134-8066-d9ffaab032e6"},"type":"Foreach"}}},"connectionReferences":{"shared_commondataserviceforapps":{"connectionName":"7d83e765d4694bc3a334b0b7b9f1e7a8","source":"Embedded","id":"/providers/Microsoft.PowerApps/apis/shared_commondataserviceforapps","tier":"NotSpecified"},"shared_excelonlinebusiness":{"connectionName":"shared-excelonlinebu-b8aebc1e-72f1-41de-8b61-b322c1794275","source":"Embedded","id":"/providers/Microsoft.PowerApps/apis/shared_excelonlinebusiness","tier":"NotSpecified"}},"flowFailureAlertSubscribed":false,"isManaged":false}}